offense,offense_conference,avg_turnover_yards,count,id,mascot,abbreviation,alt_name1,alt_name2,alt_name3,conference,division,color,alt_color,light,dark
Abilene Christian,,-29.6666666666667,3,,,,,,,,,,,,
Air Force,Mountain West,-22.125,8,2005,Falcons,AFA,,AFA,Air Force,Mountain West,Mountain,#004a7b,#ffffff,http://a.espncdn.com/i/teamlogos/ncaa/500/2005.png,http://a.espncdn.com/i/teamlogos/ncaa/500-dark/2005.png
Akron,Mid-American,-29.2222222222222,9,2006,Zips,AKR,,AKR,Akron,Mid-American,East,#00285e,#84754e,http://a.espncdn.com/i/teamlogos/ncaa/500/2006.png,http://a.espncdn.com/i/teamlogos/ncaa/500-dark/2006.png
Alabama,SEC,-7.44444444444445,9,333,Crimson Tide,ALA,,ALA,Alabama,SEC,West,#690014,#f1f2f3,http://a.espncdn.com/i/teamlogos/ncaa/500/333.png,http://a.espncdn.com/i/teamlogos/ncaa/500-dark/333.png
Appalachian State,Sun Belt,-6.78571428571429,14,2026,Mountaineers,APP,,APP,Appalachian St,Sun Belt,,#000000,#ffcd00,http://a.espncdn.com/i/teamlogos/ncaa/500/2026.png,http://a.espncdn.com/i/teamlogos/ncaa/500-dark/2026.png
Arizona,Pac-12,-23.7272727272727,11,12,Wildcats,ARIZ,,ARIZ,Arizona,Pac-12,South,#002449,#00205b,http://a.espncdn.com/i/teamlogos/ncaa/500/12.png,http://a.espncdn.com/i/teamlogos/ncaa/500-dark/12.png
Arizona State,Pac-12,-3,3,9,Sun Devils,ASU,,ASU,Arizona State,Pac-12,South,#942139,#f1f2f3,http://a.espncdn.com/i/teamlogos/ncaa/500/9.png,http://a.espncdn.com/i/teamlogos/ncaa/500-dark/9.png
Arkansas,SEC,-13.0833333333333,12,8,Razorbacks,ARK,,ARK,Arkansas,SEC,West,#9c1831,#000000,http://a.espncdn.com/i/teamlogos/ncaa/500/8.png,http://a.espncdn.com/i/teamlogos/ncaa/500-dark/8.png
Arkansas State,Sun Belt,-12.8,15,2032,Red Wolves,ARST,,ARST,Arkansas State,Sun Belt,,#e81018,#000000,http://a.espncdn.com/i/teamlogos/ncaa/500/2032.png,http://a.espncdn.com/i/teamlogos/ncaa/500-dark/2032.png
Army,FBS Independents,-20.5384615384615,13,349,Black Knights,ARMY,,ARMY,Army,FBS Independents,,#ce9c00,#231f20,http://a.espncdn.com/i/teamlogos/ncaa/500/349.png,http://a.espncdn.com/i/teamlogos/ncaa/500-dark/349.png
Auburn,SEC,-36.375,8,2,Tigers,AUB,,AUB,Auburn,SEC,West,#03244d,#f1f2f3,http://a.espncdn.com/i/teamlogos/ncaa/500/2.png,http://a.espncdn.com/i/teamlogos/ncaa/500-dark/2.png
Austin Peay,,-31.6666666666667,3,,,,,,,,,,,,
Ball State,Mid-American,-10.75,8,2050,Cardinals,BALL,,BALL,Ball State,Mid-American,West,#DA0000,#ffffff,http://a.espncdn.com/i/teamlogos/ncaa/500/2050.png,http://a.espncdn.com/i/teamlogos/ncaa/500-dark/2050.png
Baylor,Big 12,-18.75,8,239,Bears,BAY,,BAY,Baylor,Big 12,,#004834,#ffb81c,http://a.espncdn.com/i/teamlogos/ncaa/500/239.png,http://a.espncdn.com/i/teamlogos/ncaa/500-dark/239.png
Boise State,Mountain West,-24.75,4,68,Broncos,BSU,,BSU,Boise State,Mountain West,Mountain,#09347A,#d8d9da,http://a.espncdn.com/i/teamlogos/ncaa/500/68.png,http://a.espncdn.com/i/teamlogos/ncaa/500-dark/68.png
Boston College,ACC,-5.76923076923077,13,103,Eagles,BC,,BC,Boston College,ACC,Atlantic,#88001a,#a39161,http://a.espncdn.com/i/teamlogos/ncaa/500/103.png,http://a.espncdn.com/i/teamlogos/ncaa/500-dark/103.png
Bowling Green,Mid-American,-22.2,10,189,Falcons,BGSU,Bowling Green State,BGSU,Bowling Green,Mid-American,East,#2b1000,#492000,http://a.espncdn.com/i/teamlogos/ncaa/500/189.png,http://a.espncdn.com/i/teamlogos/ncaa/500-dark/189.png
Buffalo,Mid-American,-8.33333333333333,6,2084,Bulls,BUFF,,BUFF,Buffalo,Mid-American,East,#041A9B,#ebebeb,http://a.espncdn.com/i/teamlogos/ncaa/500/2084.png,http://a.espncdn.com/i/teamlogos/ncaa/500-dark/2084.png
BYU,FBS Independents,-46.8571428571429,7,252,Cougars,BYU,Brigham Young,BYU,BYU,FBS Independents,,#001E4C,#ffffff,http://a.espncdn.com/i/teamlogos/ncaa/500/252.png,http://a.espncdn.com/i/teamlogos/ncaa/500-dark/252.png
California,Pac-12,-13.75,4,25,Golden Bears,CAL,,CAL,Cal,Pac-12,North,#031522,#ffc423,http://a.espncdn.com/i/teamlogos/ncaa/500/25.png,http://a.espncdn.com/i/teamlogos/ncaa/500-dark/25.png
Campbell,,-21.8,5,,,,,,,,,,,,
Central Arkansas,,0.2,5,,,,,,,,,,,,
Central Michigan,Mid-American,-4.33333333333333,6,2117,Chippewas,CMU,,CMU,Cent Michigan,Mid-American,West,#6a0032,#ffffff,http://a.espncdn.com/i/teamlogos/ncaa/500/2117.png,http://a.espncdn.com/i/teamlogos/ncaa/500-dark/2117.png
Charlotte,Conference USA,-9.5,4,2429,49ers,CHAR,,CHAR,Charlotte,Conference USA,East,#0C562D,#cfab7a,http://a.espncdn.com/i/teamlogos/ncaa/500/2429.png,http://a.espncdn.com/i/teamlogos/ncaa/500-dark/2429.png
Cincinnati,American Athletic,-7.53846153846154,13,2132,Bearcats,CIN,,CIN,Cincinnati,American Athletic,East,#000000,#717073,http://a.espncdn.com/i/teamlogos/ncaa/500/2132.png,http://a.espncdn.com/i/teamlogos/ncaa/500-dark/2132.png
Clemson,ACC,-18.7142857142857,14,228,Tigers,CLEM,,CLEM,Clemson,ACC,Atlantic,#F66733,#522d80,http://a.espncdn.com/i/teamlogos/ncaa/500/228.png,http://a.espncdn.com/i/teamlogos/ncaa/500-dark/228.png
Coastal Carolina,Sun Belt,-16.5454545454545,11,324,Chanticleers,CCU,,CCU,C. Carolina,Sun Belt,,#007073,#876447,http://a.espncdn.com/i/teamlogos/ncaa/500/324.png,http://a.espncdn.com/i/teamlogos/ncaa/500-dark/324.png
Colorado,Pac-12,-14.1818181818182,11,38,Buffaloes,COLO,,COLO,Colorado,Pac-12,South,#d1c57e,#ffd200,http://a.espncdn.com/i/teamlogos/ncaa/500/38.png,http://a.espncdn.com/i/teamlogos/ncaa/500-dark/38.png
Colorado State,Mountain West,-30,3,36,Rams,CSU,,CSU,Colorado State,Mountain West,Mountain,#004537,#ffc425,http://a.espncdn.com/i/teamlogos/ncaa/500/36.png,http://a.espncdn.com/i/teamlogos/ncaa/500-dark/36.png
Duke,ACC,-16.5185185185185,27,150,Blue Devils,DUKE,,DUKE,Duke,ACC,Coastal,#001A57,#f1f2f3,http://a.espncdn.com/i/teamlogos/ncaa/500/150.png,http://a.espncdn.com/i/teamlogos/ncaa/500-dark/150.png
East Carolina,American Athletic,-19.6,15,151,Pirates,ECU,,ECU,ECU,American Athletic,East,#4b1869,#f0907b,http://a.espncdn.com/i/teamlogos/ncaa/500/151.png,http://a.espncdn.com/i/teamlogos/ncaa/500-dark/151.png
Eastern Kentucky,,0,3,,,,,,,,,,,,
Eastern Michigan,Mid-American,-24.25,12,2199,Eagles,EMU,,EMU,E Michigan,Mid-American,West,#00331b,#f0f0f0,http://a.espncdn.com/i/teamlogos/ncaa/500/2199.png,http://a.espncdn.com/i/teamlogos/ncaa/500-dark/2199.png
Florida,SEC,-12.6666666666667,15,57,Gators,FLA,,FLA,Florida,SEC,East,#0021A5,#0021a5,http://a.espncdn.com/i/teamlogos/ncaa/500/57.png,http://a.espncdn.com/i/teamlogos/ncaa/500-dark/57.png
Florida Atlantic,Conference USA,-2.3,10,2226,Owls,FAU,,FAU,FAU,Conference USA,East,#004B85,#bb2f4c,http://a.espncdn.com/i/teamlogos/ncaa/500/2226.png,http://a.espncdn.com/i/teamlogos/ncaa/500-dark/2226.png
Florida International,Conference USA,-17.25,4,2229,Golden Panthers,FIU,,FIU,FIU,Conference USA,East,#001538,#c5960c,http://a.espncdn.com/i/teamlogos/ncaa/500/2229.png,http://a.espncdn.com/i/teamlogos/ncaa/500-dark/2229.png
Florida State,ACC,-12.1428571428571,14,52,Seminoles,FSU,,FSU,FSU,ACC,Atlantic,#782F40,#ceb888,http://a.espncdn.com/i/teamlogos/ncaa/500/52.png,http://a.espncdn.com/i/teamlogos/ncaa/500-dark/52.png
Fresno State,Mountain West,5.42857142857143,7,278,Bulldogs,FRES,,FRES,Fresno State,Mountain West,West,#c41230,#231f20,http://a.espncdn.com/i/teamlogos/ncaa/500/278.png,http://a.espncdn.com/i/teamlogos/ncaa/500-dark/278.png
Georgia,SEC,-8.61538461538462,13,61,Bulldogs,UGA,,UGA,Georgia,SEC,East,#CC0000,#000000,http://a.espncdn.com/i/teamlogos/ncaa/500/61.png,http://a.espncdn.com/i/teamlogos/ncaa/500-dark/61.png
Georgia Southern,Sun Belt,-11.3571428571429,14,290,Eagles,GASO,,GASO,Ga Southern,Sun Belt,,#003775,#f0f0f0,http://a.espncdn.com/i/teamlogos/ncaa/500/290.png,http://a.espncdn.com/i/teamlogos/ncaa/500-dark/290.png
Georgia State,Sun Belt,-12.6111111111111,18,2247,Panthers,GAST,,GAST,Georgia State,Sun Belt,,#1e539a,#ebebeb,http://a.espncdn.com/i/teamlogos/ncaa/500/2247.png,http://a.espncdn.com/i/teamlogos/ncaa/500-dark/2247.png
Georgia Tech,ACC,-22.85,20,59,Yellow Jackets,GT,,GT,Georgia Tech,ACC,Coastal,#00223e,#002c56,http://a.espncdn.com/i/teamlogos/ncaa/500/59.png,http://a.espncdn.com/i/teamlogos/ncaa/500-dark/59.png
Hawai'i,Mountain West,-20.4444444444444,9,62,Rainbow Warriors,HAW,,HAW,Hawai'i,Mountain West,West,#003420,#ffffff,http://a.espncdn.com/i/teamlogos/ncaa/500/62.png,http://a.espncdn.com/i/teamlogos/ncaa/500-dark/62.png
Houston,American Athletic,-9,13,248,Cougars,HOU,,HOU,Houston,American Athletic,West,#C90822,#231f20,http://a.espncdn.com/i/teamlogos/ncaa/500/248.png,http://a.espncdn.com/i/teamlogos/ncaa/500-dark/248.png
Houston Baptist,,-47.5,2,,,,,,,,,,,,
Illinois,Big Ten,-19.5,6,356,Fighting Illini,ILL,,ILL,Illinois,Big Ten,West,#f77329,#fa6300,http://a.espncdn.com/i/teamlogos/ncaa/500/356.png,http://a.espncdn.com/i/teamlogos/ncaa/500-dark/356.png
Indiana,Big Ten,-9.77777777777778,9,84,Hoosiers,IND,,IND,Indiana,Big Ten,East,#7D110C,#eeedeb,http://a.espncdn.com/i/teamlogos/ncaa/500/84.png,http://a.espncdn.com/i/teamlogos/ncaa/500-dark/84.png
Iowa,Big Ten,-15.875,8,2294,Hawkeyes,IOWA,,IOWA,Iowa,Big Ten,West,#000000,#ffe100,http://a.espncdn.com/i/teamlogos/ncaa/500/2294.png,http://a.espncdn.com/i/teamlogos/ncaa/500-dark/2294.png
Iowa State,Big 12,-7.09090909090909,11,66,Cyclones,ISU,,ISU,Iowa State,Big 12,,#660015,#830b2c,http://a.espncdn.com/i/teamlogos/ncaa/500/66.png,http://a.espncdn.com/i/teamlogos/ncaa/500-dark/66.png
Jacksonville State,,18,1,,,,,,,,,,,,
Kansas,Big 12,-17.7692307692308,13,2305,Jayhawks,KU,,KU,Kansas,Big 12,,#0022B4,#e8000d,http://a.espncdn.com/i/teamlogos/ncaa/500/2305.png,http://a.espncdn.com/i/teamlogos/ncaa/500-dark/2305.png
Kansas State,Big 12,-28.6666666666667,15,2306,Wildcats,KSU,,KSU,Kansas State,Big 12,,#633194,#e7d2ad,http://a.espncdn.com/i/teamlogos/ncaa/500/2306.png,http://a.espncdn.com/i/teamlogos/ncaa/500-dark/2306.png
Kent State,Mid-American,-12,3,2309,Golden Flashes,KENT,,KENT,Kent State,Mid-American,East,#002445,#f0b510,http://a.espncdn.com/i/teamlogos/ncaa/500/2309.png,http://a.espncdn.com/i/teamlogos/ncaa/500-dark/2309.png
Kentucky,SEC,-7.33333333333333,12,96,Wildcats,UK,,UK,Kentucky,SEC,East,#005DAA,#ffffff,http://a.espncdn.com/i/teamlogos/ncaa/500/96.png,http://a.espncdn.com/i/teamlogos/ncaa/500-dark/96.png
Liberty,FBS Independents,-5.63636363636364,11,2335,Flames,LIB,,LIB,Liberty,FBS Independents,,#071740,#a61f21,http://a.espncdn.com/i/teamlogos/ncaa/500/2335.png,http://a.espncdn.com/i/teamlogos/ncaa/500-dark/2335.png
Louisiana,Sun Belt,-5.84615384615385,13,309,Ragin' Cajuns,ULL,UL Lafayette,ULL,Louisiana,Sun Belt,,#ce2842,,http://a.espncdn.com/i/teamlogos/ncaa/500/309.png,http://a.espncdn.com/i/teamlogos/ncaa/500-dark/309.png
Louisiana Monroe,Sun Belt,-18.375,16,2433,Warhawks,ULM,La.-Monroe,ULM,UL Monroe,Sun Belt,,#231F20,#b18445,http://a.espncdn.com/i/teamlogos/ncaa/500/2433.png,http://a.espncdn.com/i/teamlogos/ncaa/500-dark/2433.png
Louisiana Tech,Conference USA,-20.4,15,2348,Bulldogs,LT,,LT,LA Tech,Conference USA,West,#002d65,#d3313a,http://a.espncdn.com/i/teamlogos/ncaa/500/2348.png,http://a.espncdn.com/i/teamlogos/ncaa/500-dark/2348.png
Louisville,ACC,-11.7619047619048,21,97,Cardinals,LOU,,LOU,Louisville,ACC,Atlantic,#ad000a,#cccccc,http://a.espncdn.com/i/teamlogos/ncaa/500/97.png,http://a.espncdn.com/i/teamlogos/ncaa/500-dark/97.png
LSU,SEC,-17.5555555555556,9,99,Tigers,LSU,Louisiana State,LSU,LSU,SEC,West,#22005c,#fdd023,http://a.espncdn.com/i/teamlogos/ncaa/500/99.png,http://a.espncdn.com/i/teamlogos/ncaa/500-dark/99.png
Marshall,Conference USA,-6,10,276,Thundering Herd,MRSH,,MRSH,Marshall,Conference USA,East,#186329,#be854c,http://a.espncdn.com/i/teamlogos/ncaa/500/276.png,http://a.espncdn.com/i/teamlogos/ncaa/500-dark/276.png
Maryland,Big Ten,-5.7,10,120,Terrapins,MD,,MD,Maryland,Big Ten,East,#D5002B,#ffcd00,http://a.espncdn.com/i/teamlogos/ncaa/500/120.png,http://a.espncdn.com/i/teamlogos/ncaa/500-dark/120.png
Memphis,American Athletic,-9.42857142857143,14,235,Tigers,MEM,,MEM,Memphis,American Athletic,West,#002447,#231f20,http://a.espncdn.com/i/teamlogos/ncaa/500/235.png,http://a.espncdn.com/i/teamlogos/ncaa/500-dark/235.png
Mercer,,-28,3,,,,,,,,,,,,
Miami,ACC,-25.2222222222222,9,2390,Hurricanes,MIAMI,Miami (FL),MIAMI,Miami,ACC,Coastal,#004325,#f0f0f0,http://a.espncdn.com/i/teamlogos/ncaa/500/2390.png,http://a.espncdn.com/i/teamlogos/ncaa/500-dark/2390.png
Miami (OH),Mid-American,8,1,193,RedHawks,M-OH,,M-OH,Miami (OH),Mid-American,East,#a4000c,#f0f0f0,http://a.espncdn.com/i/teamlogos/ncaa/500/193.png,http://a.espncdn.com/i/teamlogos/ncaa/500-dark/193.png
Michigan,Big Ten,-27.4,5,130,Wolverines,MICH,,MICH,Michigan,Big Ten,East,#00274c,#ffcb05,http://a.espncdn.com/i/teamlogos/ncaa/500/130.png,http://a.espncdn.com/i/teamlogos/ncaa/500-dark/130.png
Michigan State,Big Ten,-21.4117647058824,17,127,Spartans,MSU,,MSU,Michigan State,Big Ten,East,#18453B,#ffffff,http://a.espncdn.com/i/teamlogos/ncaa/500/127.png,http://a.espncdn.com/i/teamlogos/ncaa/500-dark/127.png
Middle Tennessee,Conference USA,-20.1333333333333,15,2393,Blue Raiders,MTSU,Middle Tennessee State,MTSU,Mid Tennessee,Conference USA,East,#0079C2,#c3c5c8,http://a.espncdn.com/i/teamlogos/ncaa/500/2393.png,http://a.espncdn.com/i/teamlogos/ncaa/500-dark/2393.png
Minnesota,Big Ten,-23.1428571428571,7,135,Golden Gophers,MINN,,MINN,Minnesota,Big Ten,West,#7F011B,#7a0019,http://a.espncdn.com/i/teamlogos/ncaa/500/135.png,http://a.espncdn.com/i/teamlogos/ncaa/500-dark/135.png
Mississippi State,SEC,-13.5,20,344,Bulldogs,MSST,,MSST,Miss St,SEC,West,#762123,#c8c8c8,http://a.espncdn.com/i/teamlogos/ncaa/500/344.png,http://a.espncdn.com/i/teamlogos/ncaa/500-dark/344.png
Missouri,SEC,-21.3333333333333,9,142,Tigers,MIZ,,MIZ,Missouri,SEC,East,#000000,#000000,http://a.espncdn.com/i/teamlogos/ncaa/500/142.png,http://a.espncdn.com/i/teamlogos/ncaa/500-dark/142.png
Missouri State,,-49,1,,,,,,,,,,,,
Navy,American Athletic,-27,12,2426,Midshipmen,NAVY,,NAVY,Navy,American Athletic,West,#131630,#b6a77c,http://a.espncdn.com/i/teamlogos/ncaa/500/2426.png,http://a.espncdn.com/i/teamlogos/ncaa/500-dark/2426.png
NC State,ACC,-16.6666666666667,18,152,Wolfpack,NCST,North Carolina St.,NCST,NC State,ACC,Atlantic,#EF1216,#231f20,http://a.espncdn.com/i/teamlogos/ncaa/500/152.png,http://a.espncdn.com/i/teamlogos/ncaa/500-dark/152.png
Nebraska,Big Ten,-10,15,158,Cornhuskers,NEB,,NEB,Nebraska,Big Ten,West,#F20017,#f5f1e7,http://a.espncdn.com/i/teamlogos/ncaa/500/158.png,http://a.espncdn.com/i/teamlogos/ncaa/500-dark/158.png
Nevada,Mountain West,-7.11111111111111,9,2440,Wolf Pack,NEV,,NEV,Nevada,Mountain West,West,#153E5F,#8e9295,http://a.espncdn.com/i/teamlogos/ncaa/500/2440.png,http://a.espncdn.com/i/teamlogos/ncaa/500-dark/2440.png
New Mexico,Mountain West,-9.625,8,167,Lobos,UNM,,UNM,New Mexico,Mountain West,Mountain,#000000,#231f20,http://a.espncdn.com/i/teamlogos/ncaa/500/167.png,http://a.espncdn.com/i/teamlogos/ncaa/500-dark/167.png
North Alabama,,-22,6,,,,,,,,,,,,
North Carolina,ACC,-16.5555555555556,9,153,Tar Heels,UNC,,UNC,UNC,ACC,Coastal,#99bfe5,#13294b,http://a.espncdn.com/i/teamlogos/ncaa/500/153.png,http://a.espncdn.com/i/teamlogos/ncaa/500-dark/153.png
North Texas,Conference USA,-24.9090909090909,11,249,Mean Green,UNT,,UNT,North Texas,Conference USA,West,#00853D,#000000,http://a.espncdn.com/i/teamlogos/ncaa/500/249.png,http://a.espncdn.com/i/teamlogos/ncaa/500-dark/249.png
Northern Illinois,Mid-American,-6.77777777777778,9,2459,Huskies,NIU,,NIU,N Illinois,Mid-American,West,#F1122C,#cc0000,http://a.espncdn.com/i/teamlogos/ncaa/500/2459.png,http://a.espncdn.com/i/teamlogos/ncaa/500-dark/2459.png
Northwestern,Big Ten,-26,13,77,Wildcats,NW,,NW,Northwestern,Big Ten,West,#372286,#d6cac1,http://a.espncdn.com/i/teamlogos/ncaa/500/77.png,http://a.espncdn.com/i/teamlogos/ncaa/500-dark/77.png
Notre Dame,FBS Independents,-14,10,87,Fighting Irish,ND,,ND,Notre Dame,FBS Independents,,#00122b,#ae9142,http://a.espncdn.com/i/teamlogos/ncaa/500/87.png,http://a.espncdn.com/i/teamlogos/ncaa/500-dark/87.png
Ohio,Mid-American,-31,2,195,Bobcats,OHIO,,OHIO,Ohio,Mid-American,East,#295A29,#e4bb85,http://a.espncdn.com/i/teamlogos/ncaa/500/195.png,http://a.espncdn.com/i/teamlogos/ncaa/500-dark/195.png
Ohio State,Big Ten,1,8,194,Buckeyes,OSU,,OSU,OSU,Big Ten,East,#DE3121,#666666,http://a.espncdn.com/i/teamlogos/ncaa/500/194.png,http://a.espncdn.com/i/teamlogos/ncaa/500-dark/194.png
Oklahoma,Big 12,-2.91666666666667,12,201,Sooners,OKLA,,OKLA,Oklahoma,Big 12,,#7b0000,#cccccc,http://a.espncdn.com/i/teamlogos/ncaa/500/201.png,http://a.espncdn.com/i/teamlogos/ncaa/500-dark/201.png
Oklahoma State,Big 12,-21,14,197,Cowboys,OKST,,OKST,Oklahoma State,Big 12,,#FF6500,#ff9900,http://a.espncdn.com/i/teamlogos/ncaa/500/197.png,http://a.espncdn.com/i/teamlogos/ncaa/500-dark/197.png
Ole Miss,SEC,-5.5625,16,145,Rebels,MISS,,MISS,Ole Miss,SEC,West,#001148,#00205b,http://a.espncdn.com/i/teamlogos/ncaa/500/145.png,http://a.espncdn.com/i/teamlogos/ncaa/500-dark/145.png
Oregon,Pac-12,-16.0714285714286,14,2483,Ducks,ORE,,ORE,Oregon,Pac-12,North,#044520,#fee123,http://a.espncdn.com/i/teamlogos/ncaa/500/2483.png,http://a.espncdn.com/i/teamlogos/ncaa/500-dark/2483.png
Oregon State,Pac-12,-14.4285714285714,7,204,Beavers,ORST,,ORST,Oregon State,Pac-12,North,#c34500,#dea076,http://a.espncdn.com/i/teamlogos/ncaa/500/204.png,http://a.espncdn.com/i/teamlogos/ncaa/500-dark/204.png
Penn State,Big Ten,-32.5384615384615,13,213,Nittany Lions,PSU,,PSU,Penn State,Big Ten,East,#00265D,#002e5c,http://a.espncdn.com/i/teamlogos/ncaa/500/213.png,http://a.espncdn.com/i/teamlogos/ncaa/500-dark/213.png
Pittsburgh,ACC,-34.1333333333333,15,221,Panthers,PITT,Pitt,PITT,Pitt,ACC,Coastal,#003263,#231f20,http://a.espncdn.com/i/teamlogos/ncaa/500/221.png,http://a.espncdn.com/i/teamlogos/ncaa/500-dark/221.png
Purdue,Big Ten,-11.2,5,2509,Boilermakers,PUR,,PUR,Purdue,Big Ten,West,#B89D29,#a4a9ad,http://a.espncdn.com/i/teamlogos/ncaa/500/2509.png,http://a.espncdn.com/i/teamlogos/ncaa/500-dark/2509.png
Rice,Conference USA,-19,4,242,Owls,RICE,,RICE,Rice,Conference USA,West,#003D7D,#d1d5d8,http://a.espncdn.com/i/teamlogos/ncaa/500/242.png,http://a.espncdn.com/i/teamlogos/ncaa/500-dark/242.png
Rutgers,Big Ten,-23.75,12,164,Scarlet Knights,RUTG,,RUTG,Rutgers,Big Ten,East,#d21034,#ffffff,http://a.espncdn.com/i/teamlogos/ncaa/500/164.png,http://a.espncdn.com/i/teamlogos/ncaa/500-dark/164.png
San Diego State,Mountain West,-12.125,8,21,Aztecs,SDSU,,SDSU,San Diego State,Mountain West,West,#BF2C37,#a8996e,http://a.espncdn.com/i/teamlogos/ncaa/500/21.png,http://a.espncdn.com/i/teamlogos/ncaa/500-dark/21.png
San José State,Mountain West,-9.33333333333333,9,23,Spartans,SJSU,San Jose St.,SJSU,San Jose State,Mountain West,West,#005893,#fdba31,http://a.espncdn.com/i/teamlogos/ncaa/500/23.png,http://a.espncdn.com/i/teamlogos/ncaa/500-dark/23.png
SMU,American Athletic,-15.2222222222222,9,2567,Mustangs,SMU,Southern Methodist,SMU,SMU,American Athletic,West,#E32F38,#ecdcb9,http://a.espncdn.com/i/teamlogos/ncaa/500/2567.png,http://a.espncdn.com/i/teamlogos/ncaa/500-dark/2567.png
South Alabama,Sun Belt,-0.111111111111111,9,6,Jaguars,USA,,USA,South Alabama,Sun Belt,,#003E7E,,http://a.espncdn.com/i/teamlogos/ncaa/500/6.png,http://a.espncdn.com/i/teamlogos/ncaa/500-dark/6.png
South Carolina,SEC,-18,14,2579,Gamecocks,SC,,SC,South Carolina,SEC,East,#670010,#000000,http://a.espncdn.com/i/teamlogos/ncaa/500/2579.png,http://a.espncdn.com/i/teamlogos/ncaa/500-dark/2579.png
South Florida,American Athletic,-10.9166666666667,12,58,Bulls,USF,,USF,USF,American Athletic,East,#004A36,#231f20,http://a.espncdn.com/i/teamlogos/ncaa/500/58.png,http://a.espncdn.com/i/teamlogos/ncaa/500-dark/58.png
Southern Mississippi,Conference USA,-20.1428571428571,14,2572,Golden Eagles,USM,,USM,Southern Miss,Conference USA,West,#FFAA3C,#ffc423,http://a.espncdn.com/i/teamlogos/ncaa/500/2572.png,http://a.espncdn.com/i/teamlogos/ncaa/500-dark/2572.png
Stanford,Pac-12,-11.25,4,24,Cardinal,STAN,,STAN,Stanford,Pac-12,North,#A80532,#ffffff,http://a.espncdn.com/i/teamlogos/ncaa/500/24.png,http://a.espncdn.com/i/teamlogos/ncaa/500-dark/24.png
Stephen F. Austin,,-19.1666666666667,6,,,,,,,,,,,,
Syracuse,ACC,-21.8823529411765,17,183,Orange,SYR,,SYR,Syracuse,ACC,Atlantic,#F37321,#0d1d37,http://a.espncdn.com/i/teamlogos/ncaa/500/183.png,http://a.espncdn.com/i/teamlogos/ncaa/500-dark/183.png
TCU,Big 12,-21.5454545454545,11,2628,Horned Frogs,TCU,Texas Christian,TCU,TCU,Big 12,,#3C377D,#f1f2f3,http://a.espncdn.com/i/teamlogos/ncaa/500/2628.png,http://a.espncdn.com/i/teamlogos/ncaa/500-dark/2628.png
Temple,American Athletic,-18,13,218,Owls,TEM,,TEM,Temple,American Athletic,East,#A80532,#a7a9ac,http://a.espncdn.com/i/teamlogos/ncaa/500/218.png,http://a.espncdn.com/i/teamlogos/ncaa/500-dark/218.png
Tennessee,SEC,-17.5,10,2633,Volunteers,TENN,,TENN,Tennessee,SEC,East,#EE9627,#ffffff,http://a.espncdn.com/i/teamlogos/ncaa/500/2633.png,http://a.espncdn.com/i/teamlogos/ncaa/500-dark/2633.png
Texas,Big 12,-13.6666666666667,9,251,Longhorns,TEX,,TEX,Texas,Big 12,,#EE7524,#f0f0f0,http://a.espncdn.com/i/teamlogos/ncaa/500/251.png,http://a.espncdn.com/i/teamlogos/ncaa/500-dark/251.png
Texas A&M,SEC,-10.6666666666667,6,245,Aggies,TA&M,,TA&M,Texas A&M,SEC,West,#5C0025,#ffffff,http://a.espncdn.com/i/teamlogos/ncaa/500/245.png,http://a.espncdn.com/i/teamlogos/ncaa/500-dark/245.png
Texas State,Sun Belt,-15.4375,16,326,Bobcats,TXST,,TXST,Texas State,Sun Belt,,#4e1719,#b4975a,http://a.espncdn.com/i/teamlogos/ncaa/500/326.png,http://a.espncdn.com/i/teamlogos/ncaa/500-dark/326.png
Texas Tech,Big 12,-18.45,20,2641,Red Raiders,TTU,,TTU,Texas Tech,Big 12,,#C80025,#231f20,http://a.espncdn.com/i/teamlogos/ncaa/500/2641.png,http://a.espncdn.com/i/teamlogos/ncaa/500-dark/2641.png
The Citadel,,-9.4,5,,,,,,,,,,,,
Toledo,Mid-American,2.25,8,2649,Rockets,TOL,,TOL,Toledo,Mid-American,West,#00488F,#ffd51d,http://a.espncdn.com/i/teamlogos/ncaa/500/2649.png,http://a.espncdn.com/i/teamlogos/ncaa/500-dark/2649.png
Troy,Sun Belt,-13.4,15,2653,Trojans,TROY,,TROY,Troy,Sun Belt,,#AE0210,#88898c,http://a.espncdn.com/i/teamlogos/ncaa/500/2653.png,http://a.espncdn.com/i/teamlogos/ncaa/500-dark/2653.png
Tulane,American Athletic,-11,13,2655,Green Wave,TULN,,TULN,Tulane,American Athletic,West,#005837,#3baf29,http://a.espncdn.com/i/teamlogos/ncaa/500/2655.png,http://a.espncdn.com/i/teamlogos/ncaa/500-dark/2655.png
Tulsa,American Athletic,-3.66666666666667,15,202,Golden Hurricane,TLSA,,TLSA,Tulsa,American Athletic,West,#004371,#ee3b33,http://a.espncdn.com/i/teamlogos/ncaa/500/202.png,http://a.espncdn.com/i/teamlogos/ncaa/500-dark/202.png
UAB,Conference USA,-22.3571428571429,14,5,Blazers,UAB,Alabama-Birmingham,UAB,UAB,Conference USA,West,#003b28,#ffc845,http://a.espncdn.com/i/teamlogos/ncaa/500/5.png,http://a.espncdn.com/i/teamlogos/ncaa/500-dark/5.png
UCF,American Athletic,-11.75,8,2116,Knights,UCF,Central Florida,UCF,UCF,American Athletic,East,#000000,#231f20,http://a.espncdn.com/i/teamlogos/ncaa/500/2116.png,http://a.espncdn.com/i/teamlogos/ncaa/500-dark/2116.png
UCLA,Pac-12,-25.3333333333333,12,26,Bruins,UCLA,,UCLA,UCLA,Pac-12,South,#005C8E,#ffc72c,http://a.espncdn.com/i/teamlogos/ncaa/500/26.png,http://a.espncdn.com/i/teamlogos/ncaa/500-dark/26.png
UMass,FBS Independents,-10.6666666666667,6,113,Minutemen,UMASS,,UMASS,UMass,FBS Independents,,#880007,,http://a.espncdn.com/i/teamlogos/ncaa/500/113.png,http://a.espncdn.com/i/teamlogos/ncaa/500-dark/113.png
UNLV,Mountain West,-25.875,8,2439,Rebels,UNLV,Nevada-Las Vegas,UNLV,UNLV,Mountain West,West,#000000,#c2c4c6,http://a.espncdn.com/i/teamlogos/ncaa/500/2439.png,http://a.espncdn.com/i/teamlogos/ncaa/500-dark/2439.png
USC,Pac-12,-13,11,30,Trojans,USC,,USC,USC,Pac-12,South,#AE2531,#ffc72c,http://a.espncdn.com/i/teamlogos/ncaa/500/30.png,http://a.espncdn.com/i/teamlogos/ncaa/500-dark/30.png
UT San Antonio,Conference USA,-13.1666666666667,12,2636,Roadrunners,UTSA,Texas-San Antonio,UTSA,UTSA,Conference USA,West,#002A5C,#f47321,http://a.espncdn.com/i/teamlogos/ncaa/500/2636.png,http://a.espncdn.com/i/teamlogos/ncaa/500-dark/2636.png
Utah,Pac-12,-10.1818181818182,11,254,Utes,UTAH,,UTAH,Utah,Pac-12,South,#890012,#7e8083,http://a.espncdn.com/i/teamlogos/ncaa/500/254.png,http://a.espncdn.com/i/teamlogos/ncaa/500-dark/254.png
Utah State,Mountain West,-0.888888888888889,9,328,Aggies,USU,,USU,Utah State,Mountain West,Mountain,#003263,#949ca1,http://a.espncdn.com/i/teamlogos/ncaa/500/328.png,http://a.espncdn.com/i/teamlogos/ncaa/500-dark/328.png
UTEP,Conference USA,-15.8461538461538,13,2638,Miners,UTEP,Texas-El Paso,UTEP,UTEP,Conference USA,West,#002843,#ff6f12,http://a.espncdn.com/i/teamlogos/ncaa/500/2638.png,http://a.espncdn.com/i/teamlogos/ncaa/500-dark/2638.png
Vanderbilt,SEC,-4.14285714285714,14,238,Commodores,VAN,,VAN,Vanderbilt,SEC,East,#000000,#231f20,http://a.espncdn.com/i/teamlogos/ncaa/500/238.png,http://a.espncdn.com/i/teamlogos/ncaa/500-dark/238.png
Virginia,ACC,-26.3529411764706,17,258,Cavaliers,UVA,,UVA,UVA,ACC,Coastal,#00204e,#002d62,http://a.espncdn.com/i/teamlogos/ncaa/500/258.png,http://a.espncdn.com/i/teamlogos/ncaa/500-dark/258.png
Virginia Tech,ACC,-9.27272727272727,11,259,Hokies,VT,,VT,VT,ACC,Coastal,#74232D,#c2c1ba,http://a.espncdn.com/i/teamlogos/ncaa/500/259.png,http://a.espncdn.com/i/teamlogos/ncaa/500-dark/259.png
Wake Forest,ACC,-47.5,6,154,Demon Deacons,WAKE,,WAKE,Wake Forest,ACC,Atlantic,#9E7E38,#000000,http://a.espncdn.com/i/teamlogos/ncaa/500/154.png,http://a.espncdn.com/i/teamlogos/ncaa/500-dark/154.png
Washington,Pac-12,-4,3,264,Huskies,WASH,,WASH,Washington,Pac-12,North,#2B2F64,#e8e3d3,http://a.espncdn.com/i/teamlogos/ncaa/500/264.png,http://a.espncdn.com/i/teamlogos/ncaa/500-dark/264.png
Washington State,Pac-12,-26.1428571428571,7,265,Cougars,WSU,,WSU,Washington St,Pac-12,North,#94022a,#6a747c,http://a.espncdn.com/i/teamlogos/ncaa/500/265.png,http://a.espncdn.com/i/teamlogos/ncaa/500-dark/265.png
West Virginia,Big 12,-17.375,8,277,Mountaineers,WVU,,WVU,West Virginia,Big 12,,#FFC600,#eaaa00,http://a.espncdn.com/i/teamlogos/ncaa/500/277.png,http://a.espncdn.com/i/teamlogos/ncaa/500-dark/277.png
Western Carolina,,-38,4,,,,,,,,,,,,
Western Kentucky,Conference USA,-12.8333333333333,12,98,Hilltoppers,WKU,,WKU,W Kentucky,Conference USA,East,#F32026,#b3b5b8,http://a.espncdn.com/i/teamlogos/ncaa/500/98.png,http://a.espncdn.com/i/teamlogos/ncaa/500-dark/98.png
Western Michigan,Mid-American,-39.6,5,2711,Broncos,WMU,,WMU,W Michigan,Mid-American,West,#B59966,#bfa979,http://a.espncdn.com/i/teamlogos/ncaa/500/2711.png,http://a.espncdn.com/i/teamlogos/ncaa/500-dark/2711.png
Wisconsin,Big Ten,-7.2,10,275,Badgers,WIS,,WIS,Wisconsin,Big Ten,West,#A00001,#f7f7f7,http://a.espncdn.com/i/teamlogos/ncaa/500/275.png,http://a.espncdn.com/i/teamlogos/ncaa/500-dark/275.png
Wyoming,Mountain West,-6.75,8,2751,Cowboys,WYO,,WYO,Wyoming,Mountain West,Mountain,#533B22,#ffffff,http://a.espncdn.com/i/teamlogos/ncaa/500/2751.png,http://a.espncdn.com/i/teamlogos/ncaa/500-dark/2751.png
